loss,accuracy,val_loss,val_accuracy
3.625728130340576,0.044736843556165695,3.5673718452453613,0.102631576359272
